id,first_name,last_name,email,gender,ip_address
1,Nehemiah,Chaudrelle,nchaudrelle0@godaddy.com,Male,22.218.104.124
2,Janek,Penketh,jpenketh1@ameblo.jp,Male,64.248.247.113
3,Cheston,Culpin,cculpin2@amazon.com,Male,147.152.57.248
4,Modesty,Blaza,mblaza3@imdb.com,Female,145.87.150.174
5,Isabelle,Trussell,itrussell4@reference.com,Female,220.194.63.110
6,Duncan,Stops,dstops5@google.pl,Male,214.118.190.200
7,Reta,Rutherford,rrutherford6@joomla.org,Female,67.32.134.57
8,Iver,Sheircliffe,isheircliffe7@hostgator.com,Male,29.73.30.47
9,Aloin,Nolton,anolton8@si.edu,Male,68.215.66.62
10,Parry,Kerkham,pkerkham9@answers.com,Male,21.44.157.179
